"name","mean","sd"
"a00","0.172485615027212","0.179322553765077"
"a01","0.847644320151944","0.556569515117715"
"a10","0.438324911820105","0.314111654554416"
"a11","11.4767929535178","17.2028076349716"
