"name","x0","x1"
"Beta","1.80690690690691","5"
"Gamma","0.678678678678679","3"
"Rho","0.5","1"
