"name","mean","sd"
"a00","0.0445060146609302","0.0311790494528495"
"a01","1.03455154734964","0.215753550585503"
"a10","0.591712649479178","0.447326840575002"
"a11","4.4796066433324","1.87941158904221"
