"name","mean","sd"
"a00","0.380899895800565","0.119638786829563"
"a01","1.40928462253525","0.322112618304502"
"a10","2.08774663971065","0.901172546321326"
"a11","2.11294404212672","1.21812682760495"
