"name","x0","x1"
"beta","4.03403403403403","5"
"sigma","0","1.35535535535536"
"gamma","0.656656656656657","0.874874874874875"
