"name","x0","x1"
"a0","0","1"
"a1","3.28328328328328","20"
"b0","0","1"
"b1","11.9119119119119","14.5345345345345"
"sigma","0","1.50550550550551"
"gamma","1.05105105105105","1.3973973973974"
