"name","x0","x1"
"a0","0","1"
"a1","Inf","-Inf"
"b0","0","0.856856856856857"
"b1","0","20"
"sigma","0.154154154154154","0.578578578578579"
"gamma","0.918918918918919","2"
