"name","x0","x1"
"a0","0","1"
"a1","Inf","-Inf"
"b0","0","1"
"b1","1.58158158158158","20"
"sigma","0.518518518518518","2"
"gamma","1.05305305305305","1.35935935935936"
