"name","x0","x1"
"a0","0","0.1"
"ws","8.96396396396396","12.017017017017"
"wi","5","9.34434434434434"
"sigma","0.1","1"
"gamma","0.1","1"
