"name","x0","x1"
"a0","0","0.1"
"a1","0","1"
"b0","0","0.1"
"b1","0.0850850850850851","1"
"sigma","0.784784784784785","1.04704704704705"
"gamma","0","1.23923923923924"
