"name","mean","sd"
"a00","0.328386148481644","0.195788996314723"
"a01","0.330144406254314","0.301631731948366"
"a10","2.23787118017012","1.52753641788311"
"a11","2.90604279968543","2.4230427524588"
