"name","mean","sd"
"a0","0.2","0"
"a1","1.6716342301773","0.60721707848694"
"b0","0.2","0"
"b1","2","0"
"sigma","0.339222336437161","0.0775497498121018"
"gamma","0.459667993449178","0.028109944105638"
