"name","x0","x1"
"a0","0.1","1"
"a1","1.01401401401401","1.70670670670671"
"b0","0.1","1"
"b1","1","2.36136136136136"
"sigma","0.1","1"
"gamma","0.1","1"
