"name","mean","sd"
"a00","1.52649512320022","0.708566472012344"
"a01","1.05926982757917","0.512741369908951"
"a10","2.08024822656836","0.704042141134659"
"a11","1.9017094055172","0.525249040230755"
