"name","mean","sd"
"a00","0.0630969649001338","0.0361223031913804"
"a01","0.83869362403139","0.411151161457357"
"a10","0.60285256571993","0.345503431449093"
"a11","5.45184321324492","1.82457864432191"
