"name","mean","sd"
"a00","0.629469822298294","0.216430349398392"
"a01","0.347174373704632","0.383688238064193"
"a10","1.68962680487553","0.538291288887243"
"a11","1.43812994678985","0.667309047512091"
