"name","mean","sd"
"a00","0.242676773157582","0.130462375044114"
"a01","0.470923931009271","0.295916616645556"
"a10","1.07800703991367","0.355700820787147"
"a11","1.37607636907099","0.503058673724945"
