"name","mean","sd"
"a0","0.963147762245366","0.664164473142227"
"a1","2.16357667712711","1.74674057825702"
"b0","1.0755450117101","1.00859656100261"
"b1","7.06920748084008","9.60181543562372"
"sigma","0.212205489670146","0.0207154302424876"
"gamma","0.789606871996928","0.0579438123327831"
