"name","mean","sd"
"a00","0.478112854000744","0.224824602923793"
"a01","0.515041122150051","0.446030373967789"
"a10","1.74228181246631","1.08341469645566"
"a11","1.93297857629938","1.77514158560653"
